id,difficulty,mode,precision_used,correct,latency_s,tokens,memory_mb,retried
1,easy,static_int4,int4,1,1.1998,8,1850.57,0
2,easy,static_int4,int4,1,0.9448,12,1854.3,0
3,easy,static_int4,int4,1,0.6639,8,1856.16,0
4,easy,static_int4,int4,1,0.7906,10,1858.21,0
5,easy,static_int4,int4,1,2.8959,46,1881.42,0
6,easy,static_int4,int4,1,0.7801,10,1883.28,0
7,easy,static_int4,int4,1,1.225,16,1885.17,0
8,easy,static_int4,int4,1,0.703,8,1887.04,0
9,easy,static_int4,int4,1,1.7648,26,1874.29,0
10,easy,static_int4,int4,1,2.6543,43,1876.2,0
11,easy,static_int4,int4,1,3.4419,57,1886.07,0
12,easy,static_int4,int4,1,0.9559,13,1887.94,0
13,easy,static_int4,int4,1,0.8572,11,1889.77,0
14,easy,static_int4,int4,1,4.7449,78,1906.3,0
15,easy,static_int4,int4,1,0.8957,10,1908.15,0
16,easy,static_int4,int4,1,0.9644,12,1910.02,0
17,easy,static_int4,int4,1,0.797,10,1911.88,0
18,easy,static_int4,int4,1,6.598,111,1916.94,0
19,easy,static_int4,int4,1,0.8108,11,1918.8,0
20,easy,static_int4,int4,1,0.9936,12,1920.66,0
21,easy,static_int4,int4,1,0.8614,10,1922.51,0
22,easy,static_int4,int4,1,3.506,54,1924.41,0
23,easy,static_int4,int4,1,0.8772,12,1926.29,0
24,easy,static_int4,int4,1,4.3189,69,1928.26,0
25,easy,static_int4,int4,1,0.6541,8,1930.09,0
26,easy,static_int4,int4,1,1.4084,16,1931.98,0
27,easy,static_int4,int4,1,0.6969,8,1933.96,0
28,easy,static_int4,int4,1,1.008,13,1935.82,0
29,easy,static_int4,int4,1,1.0413,15,1921.22,0
30,easy,static_int4,int4,1,0.8241,11,1923.06,0
31,hard,static_int4,int4,0,15.6815,256,2086.75,0
32,hard,static_int4,int4,0,15.5577,256,2083.81,0
33,hard,static_int4,int4,0,15.6072,256,2101.16,0
34,hard,static_int4,int4,1,10.638,173,2103.54,0
35,hard,static_int4,int4,0,15.8604,254,2094.64,0
36,hard,static_int4,int4,0,15.2738,256,2096.6,0
37,hard,static_int4,int4,1,15.1228,256,2098.52,0
38,hard,static_int4,int4,1,11.1488,187,2098.64,0
39,hard,static_int4,int4,1,15.3182,256,2100.57,0
40,hard,static_int4,int4,1,5.4575,86,2102.45,0
41,hard,static_int4,int4,1,11.5074,188,2104.38,0
42,hard,static_int4,int4,1,15.8588,256,2102.61,0
43,hard,static_int4,int4,1,15.3302,256,2104.48,0
44,hard,static_int4,int4,1,10.1162,170,2106.36,0
45,hard,static_int4,int4,0,15.6906,256,2106.47,0
46,hard,static_int4,int4,0,15.5765,256,2108.36,0
47,hard,static_int4,int4,1,10.9215,179,2110.26,0
48,hard,static_int4,int4,1,9.2497,157,2110.3,0
49,hard,static_int4,int4,1,11.7766,187,2112.29,0
50,hard,static_int4,int4,0,15.6144,256,2112.45,0
51,hard,static_int4,int4,1,14.6188,231,2114.37,0
52,hard,static_int4,int4,1,11.2328,178,2114.42,0
53,hard,static_int4,int4,1,14.7451,237,2116.31,0
54,hard,static_int4,int4,1,10.1244,165,2118.21,0
55,hard,static_int4,int4,1,12.9607,210,2098.15,0
56,hard,static_int4,int4,0,15.5132,256,2100.08,0
57,hard,static_int4,int4,0,15.3836,256,2100.08,0
58,hard,static_int4,int4,1,11.934,197,2101.99,0
59,hard,static_int4,int4,1,5.6812,94,2103.84,0
60,hard,static_int4,int4,1,15.6861,256,2105.69,0
