id,difficulty,mode,precision_used,correct,latency_s,tokens,memory_mb,retried
1,easy,static_int8,int8,1,1.596,9,1799.76,0
2,easy,static_int8,int8,1,1.6654,13,1802.28,0
3,easy,static_int8,int8,1,0.9996,9,1799.76,0
4,easy,static_int8,int8,1,1.3426,11,1801.07,0
5,easy,static_int8,int8,1,8.6264,75,1841.8,0
6,easy,static_int8,int8,1,1.2272,10,1800.34,0
7,easy,static_int8,int8,1,6.7647,54,1828.6,0
8,easy,static_int8,int8,1,7.473,62,1833.55,0
9,easy,static_int8,int8,1,2.1056,16,1804.34,0
10,easy,static_int8,int8,1,4.6501,37,1817.68,0
11,easy,static_int8,int8,1,8.1546,65,1835.49,0
12,easy,static_int8,int8,1,1.5268,13,1802.34,0
13,easy,static_int8,int8,1,1.3841,12,1801.73,0
14,easy,static_int8,int8,1,1.6998,13,1802.45,0
15,easy,static_int8,int8,1,1.979,16,1804.25,0
16,easy,static_int8,int8,1,1.5751,13,1802.34,0
17,easy,static_int8,int8,0,2.1247,18,1805.49,0
18,easy,static_int8,int8,1,9.1756,76,1842.47,0
19,easy,static_int8,int8,1,5.096,43,1821.42,0
20,easy,static_int8,int8,1,1.5304,13,1802.28,0
21,easy,static_int8,int8,1,8.7573,75,1841.83,0
22,easy,static_int8,int8,1,8.1127,69,1838.09,0
23,easy,static_int8,int8,1,10.5229,80,1845.1,0
24,easy,static_int8,int8,1,12.266,104,1860.33,0
25,easy,static_int8,int8,1,1.0036,9,1799.74,0
26,easy,static_int8,int8,1,2.0227,17,1804.97,0
27,easy,static_int8,int8,1,1.0246,9,1799.76,0
28,easy,static_int8,int8,1,1.704,14,1803.01,0
29,easy,static_int8,int8,1,1.8367,15,1803.67,0
30,easy,static_int8,int8,1,1.677,12,1801.73,0
31,hard,static_int8,int8,0,30.364,256,1958.71,0
32,hard,static_int8,int8,0,30.9956,256,1957.72,0
33,hard,static_int8,int8,0,33.0575,256,1959.0,0
34,hard,static_int8,int8,1,23.5716,187,1913.89,0
35,hard,static_int8,int8,0,25.4071,202,1923.67,0
36,hard,static_int8,int8,0,24.6245,202,1923.81,0
37,hard,static_int8,int8,1,32.0961,256,1958.06,0
38,hard,static_int8,int8,1,28.2166,221,1935.86,0
39,hard,static_int8,int8,0,33.103,256,1958.52,0
40,hard,static_int8,int8,1,19.0133,157,1895.01,0
41,hard,static_int8,int8,1,22.1689,187,1914.32,0
42,hard,static_int8,int8,1,29.0659,240,1947.87,0
43,hard,static_int8,int8,0,30.8963,229,1940.78,0
44,hard,static_int8,int8,0,31.5901,256,1958.02,0
45,hard,static_int8,int8,1,31.1182,254,1957.05,0
46,hard,static_int8,int8,1,31.2231,256,1957.97,0
47,hard,static_int8,int8,1,25.4293,204,1924.6,0
48,hard,static_int8,int8,1,21.1406,167,1900.98,0
49,hard,static_int8,int8,1,22.8339,190,1915.82,0
50,hard,static_int8,int8,0,32.2686,256,1958.32,0
51,hard,static_int8,int8,1,25.9082,223,1937.19,0
52,hard,static_int8,int8,1,30.8386,256,1957.88,0
53,hard,static_int8,int8,1,28.9765,233,1943.21,0
54,hard,static_int8,int8,0,27.2901,229,1940.61,0
55,hard,static_int8,int8,1,29.1992,256,1958.01,0
56,hard,static_int8,int8,1,28.8855,248,1953.08,0
57,hard,static_int8,int8,0,32.6029,256,1958.0,0
58,hard,static_int8,int8,0,29.8606,256,1958.05,0
59,hard,static_int8,int8,1,22.5318,191,1916.35,0
60,hard,static_int8,int8,1,31.3488,251,1954.99,0
